Year,Population,GrowthRate,Growth,Location,Population_pred,MCFT
1951,1554324,0.0423,63031,Chennai,1554175.31,"0      2695.943892
1      2759.229863
2      2823.820164
3      2890.014859
4      2957.760179
          ...     
66    17673.263681
67    18135.039495
68    18578.436759
69    19029.167404
70    19486.914021
Name: Population, Length: 71, dtype: float64"
1952,1590811,0.0235,36487,Chennai,1588446.39,"0      2695.943892
1      2759.229863
2      2823.820164
3      2890.014859
4      2957.760179
          ...     
66    17673.263681
67    18135.039495
68    18578.436759
69    19029.167404
70    19486.914021
Name: Population, Length: 71, dtype: float64"
1953,1628050,0.0234,37239,Chennai,1627861.17,"0      2695.943892
1      2759.229863
2      2823.820164
3      2890.014859
4      2957.760179
          ...     
66    17673.263681
67    18135.039495
68    18578.436759
69    19029.167404
70    19486.914021
Name: Population, Length: 71, dtype: float64"
1954,1666214,0.0234,38164,Chennai,1668272.41,"0      2695.943892
1      2759.229863
2      2823.820164
3      2890.014859
4      2957.760179
          ...     
66    17673.263681
67    18135.039495
68    18578.436759
69    19029.167404
70    19486.914021
Name: Population, Length: 71, dtype: float64"
1955,1705272,0.0234,39058,Chennai,1707323.9,"0      2695.943892
1      2759.229863
2      2823.820164
3      2890.014859
4      2957.760179
          ...     
66    17673.263681
67    18135.039495
68    18578.436759
69    19029.167404
70    19486.914021
Name: Population, Length: 71, dtype: float64"
1956,1745302,0.0235,40030,Chennai,1742574.52,"0      2695.943892
1      2759.229863
2      2823.820164
3      2890.014859
4      2957.760179
          ...     
66    17673.263681
67    18135.039495
68    18578.436759
69    19029.167404
70    19486.914021
Name: Population, Length: 71, dtype: float64"
1957,1786158,0.0234,40856,Chennai,1785856.76,"0      2695.943892
1      2759.229863
2      2823.820164
3      2890.014859
4      2957.760179
          ...     
66    17673.263681
67    18135.039495
68    18578.436759
69    19029.167404
70    19486.914021
Name: Population, Length: 71, dtype: float64"
1958,1828028,0.0234,41870,Chennai,1830153.42,"0      2695.943892
1      2759.229863
2      2823.820164
3      2890.014859
4      2957.760179
          ...     
66    17673.263681
67    18135.039495
68    18578.436759
69    19029.167404
70    19486.914021
Name: Population, Length: 71, dtype: float64"
1959,1870880,0.0234,42852,Chennai,1873046.4,"0      2695.943892
1      2759.229863
2      2823.820164
3      2890.014859
4      2957.760179
          ...     
66    17673.263681
67    18135.039495
68    18578.436759
69    19029.167404
70    19486.914021
Name: Population, Length: 71, dtype: float64"
1960,1914797,0.0235,43917,Chennai,1911657.04,"0      2695.943892
1      2759.229863
2      2823.820164
3      2890.014859
4      2957.760179
          ...     
66    17673.263681
67    18135.039495
68    18578.436759
69    19029.167404
70    19486.914021
Name: Population, Length: 71, dtype: float64"
1961,1975964,0.0319,61167,Chennai,1981196.73,"0      2695.943892
1      2759.229863
2      2823.820164
3      2890.014859
4      2957.760179
          ...     
66    17673.263681
67    18135.039495
68    18578.436759
69    19029.167404
70    19486.914021
Name: Population, Length: 71, dtype: float64"
1962,2073166,0.0492,97202,Chennai,2070580.19,"0      2695.943892
1      2759.229863
2      2823.820164
3      2890.014859
4      2957.760179
          ...     
66    17673.263681
67    18135.039495
68    18578.436759
69    19029.167404
70    19486.914021
Name: Population, Length: 71, dtype: float64"
1963,2175149,0.0492,101983,Chennai,2172469.96,"0      2695.943892
1      2759.229863
2      2823.820164
3      2890.014859
4      2957.760179
          ...     
66    17673.263681
67    18135.039495
68    18578.436759
69    19029.167404
70    19486.914021
Name: Population, Length: 71, dtype: float64"
1964,2282300,0.0493,107151,Chennai,2278128.09,"0      2695.943892
1      2759.229863
2      2823.820164
3      2890.014859
4      2957.760179
          ...     
66    17673.263681
67    18135.039495
68    18578.436759
69    19029.167404
70    19486.914021
Name: Population, Length: 71, dtype: float64"
1965,2394412,0.0491,112112,Chennai,2393048.19,"0      2695.943892
1      2759.229863
2      2823.820164
3      2890.014859
4      2957.760179
          ...     
66    17673.263681
67    18135.039495
68    18578.436759
69    19029.167404
70    19486.914021
Name: Population, Length: 71, dtype: float64"
1966,2512198,0.0492,117786,Chennai,2509268.74,"0      2695.943892
1      2759.229863
2      2823.820164
3      2890.014859
4      2957.760179
          ...     
66    17673.263681
67    18135.039495
68    18578.436759
69    19029.167404
70    19486.914021
Name: Population, Length: 71, dtype: float64"
1967,2635778,0.0492,123580,Chennai,2632757.66,"0      2695.943892
1      2759.229863
2      2823.820164
3      2890.014859
4      2957.760179
          ...     
66    17673.263681
67    18135.039495
68    18578.436759
69    19029.167404
70    19486.914021
Name: Population, Length: 71, dtype: float64"
1968,2765620,0.0493,129842,Chennai,2760793.02,"0      2695.943892
1      2759.229863
2      2823.820164
3      2890.014859
4      2957.760179
          ...     
66    17673.263681
67    18135.039495
68    18578.436759
69    19029.167404
70    19486.914021
Name: Population, Length: 71, dtype: float64"
1969,2901475,0.0491,135855,Chennai,2900091.92,"0      2695.943892
1      2759.229863
2      2823.820164
3      2890.014859
4      2957.760179
          ...     
66    17673.263681
67    18135.039495
68    18578.436759
69    19029.167404
70    19486.914021
Name: Population, Length: 71, dtype: float64"
1970,3044204,0.0492,142729,Chennai,3040902.93,"0      2695.943892
1      2759.229863
2      2823.820164
3      2890.014859
4      2957.760179
          ...     
66    17673.263681
67    18135.039495
68    18578.436759
69    19029.167404
70    19486.914021
Name: Population, Length: 71, dtype: float64"
1971,3180089,0.0446,135885,Chennai,3183472.67,"0      2695.943892
1      2759.229863
2      2823.820164
3      2890.014859
4      2957.760179
          ...     
66    17673.263681
67    18135.039495
68    18578.436759
69    19029.167404
70    19486.914021
Name: Population, Length: 71, dtype: float64"
1972,3278944,0.0311,98855,Chennai,3282185.62,"0      2695.943892
1      2759.229863
2      2823.820164
3      2890.014859
4      2957.760179
          ...     
66    17673.263681
67    18135.039495
68    18578.436759
69    19029.167404
70    19486.914021
Name: Population, Length: 71, dtype: float64"
1973,3380588,0.031,101644,Chennai,3385300.03,"0      2695.943892
1      2759.229863
2      2823.820164
3      2890.014859
4      2957.760179
          ...     
66    17673.263681
67    18135.039495
68    18578.436759
69    19029.167404
70    19486.914021
Name: Population, Length: 71, dtype: float64"
1974,3485529,0.031,104941,Chennai,3495098.23,"0      2695.943892
1      2759.229863
2      2823.820164
3      2890.014859
4      2957.760179
          ...     
66    17673.263681
67    18135.039495
68    18578.436759
69    19029.167404
70    19486.914021
Name: Population, Length: 71, dtype: float64"
1975,3593728,0.031,108199,Chennai,3603589.69,"0      2695.943892
1      2759.229863
2      2823.820164
3      2890.014859
4      2957.760179
          ...     
66    17673.263681
67    18135.039495
68    18578.436759
69    19029.167404
70    19486.914021
Name: Population, Length: 71, dtype: float64"
1976,3705441,0.0311,111713,Chennai,3709025.24,"0      2695.943892
1      2759.229863
2      2823.820164
3      2890.014859
4      2957.760179
          ...     
66    17673.263681
67    18135.039495
68    18578.436759
69    19029.167404
70    19486.914021
Name: Population, Length: 71, dtype: float64"
1977,3820305,0.031,114864,Chennai,3825524.33,"0      2695.943892
1      2759.229863
2      2823.820164
3      2890.014859
4      2957.760179
          ...     
66    17673.263681
67    18135.039495
68    18578.436759
69    19029.167404
70    19486.914021
Name: Population, Length: 71, dtype: float64"
1978,3938896,0.031,118591,Chennai,3949640.66,"0      2695.943892
1      2759.229863
2      2823.820164
3      2890.014859
4      2957.760179
          ...     
66    17673.263681
67    18135.039495
68    18578.436759
69    19029.167404
70    19486.914021
Name: Population, Length: 71, dtype: float64"
1979,4061169,0.031,122273,Chennai,4072249.42,"0      2695.943892
1      2759.229863
2      2823.820164
3      2890.014859
4      2957.760179
          ...     
66    17673.263681
67    18135.039495
68    18578.436759
69    19029.167404
70    19486.914021
Name: Population, Length: 71, dtype: float64"
1980,4187412,0.0311,126243,Chennai,4191361.61,"0      2695.943892
1      2759.229863
2      2823.820164
3      2890.014859
4      2957.760179
          ...     
66    17673.263681
67    18135.039495
68    18578.436759
69    19029.167404
70    19486.914021
Name: Population, Length: 71, dtype: float64"
1981,4307334,0.0286,119922,Chennai,4317618.67,"0      2695.943892
1      2759.229863
2      2823.820164
3      2890.014859
4      2957.760179
          ...     
66    17673.263681
67    18135.039495
68    18578.436759
69    19029.167404
70    19486.914021
Name: Population, Length: 71, dtype: float64"
1982,4410695,0.024,103361,Chennai,4409099.46,"0      2695.943892
1      2759.229863
2      2823.820164
3      2890.014859
4      2957.760179
          ...     
66    17673.263681
67    18135.039495
68    18578.436759
69    19029.167404
70    19486.914021
Name: Population, Length: 71, dtype: float64"
1983,4516536,0.024,105841,Chennai,4514822.1,"0      2695.943892
1      2759.229863
2      2823.820164
3      2890.014859
4      2957.760179
          ...     
66    17673.263681
67    18135.039495
68    18578.436759
69    19029.167404
70    19486.914021
Name: Population, Length: 71, dtype: float64"
1984,4625068,0.024,108532,Chennai,4629551.83,"0      2695.943892
1      2759.229863
2      2823.820164
3      2890.014859
4      2957.760179
          ...     
66    17673.263681
67    18135.039495
68    18578.436759
69    19029.167404
70    19486.914021
Name: Population, Length: 71, dtype: float64"
1985,4735899,0.024,110831,Chennai,4727528.33,"0      2695.943892
1      2759.229863
2      2823.820164
3      2890.014859
4      2957.760179
          ...     
66    17673.263681
67    18135.039495
68    18578.436759
69    19029.167404
70    19486.914021
Name: Population, Length: 71, dtype: float64"
1986,4849544,0.024,113645,Chennai,4847498.22,"0      2695.943892
1      2759.229863
2      2823.820164
3      2890.014859
4      2957.760179
          ...     
66    17673.263681
67    18135.039495
68    18578.436759
69    19029.167404
70    19486.914021
Name: Population, Length: 71, dtype: float64"
1987,4965916,0.024,116372,Chennai,4963744.1,"0      2695.943892
1      2759.229863
2      2823.820164
3      2890.014859
4      2957.760179
          ...     
66    17673.263681
67    18135.039495
68    18578.436759
69    19029.167404
70    19486.914021
Name: Population, Length: 71, dtype: float64"
1988,5085247,0.024,119331,Chennai,5089892.94,"0      2695.943892
1      2759.229863
2      2823.820164
3      2890.014859
4      2957.760179
          ...     
66    17673.263681
67    18135.039495
68    18578.436759
69    19029.167404
70    19486.914021
Name: Population, Length: 71, dtype: float64"
1989,5207105,0.024,121858,Chennai,5197580.18,"0      2695.943892
1      2759.229863
2      2823.820164
3      2890.014859
4      2957.760179
          ...     
66    17673.263681
67    18135.039495
68    18578.436759
69    19029.167404
70    19486.914021
Name: Population, Length: 71, dtype: float64"
1990,5332057,0.024,124952,Chennai,5329480.1,"0      2695.943892
1      2759.229863
2      2823.820164
3      2890.014859
4      2957.760179
          ...     
66    17673.263681
67    18135.039495
68    18578.436759
69    19029.167404
70    19486.914021
Name: Population, Length: 71, dtype: float64"
1991,5455152,0.0231,123095,Chennai,5447900.23,"0      2695.943892
1      2759.229863
2      2823.820164
3      2890.014859
4      2957.760179
          ...     
66    17673.263681
67    18135.039495
68    18578.436759
69    19029.167404
70    19486.914021
Name: Population, Length: 71, dtype: float64"
1992,5571369,0.0213,116217,Chennai,5563224.3,"0      2695.943892
1      2759.229863
2      2823.820164
3      2890.014859
4      2957.760179
          ...     
66    17673.263681
67    18135.039495
68    18578.436759
69    19029.167404
70    19486.914021
Name: Population, Length: 71, dtype: float64"
1993,5689731,0.0212,118362,Chennai,5691659.97,"0      2695.943892
1      2759.229863
2      2823.820164
3      2890.014859
4      2957.760179
          ...     
66    17673.263681
67    18135.039495
68    18578.436759
69    19029.167404
70    19486.914021
Name: Population, Length: 71, dtype: float64"
1994,5810777,0.0213,121046,Chennai,5794156.72,"0      2695.943892
1      2759.229863
2      2823.820164
3      2890.014859
4      2957.760179
          ...     
66    17673.263681
67    18135.039495
68    18578.436759
69    19029.167404
70    19486.914021
Name: Population, Length: 71, dtype: float64"
1995,5934398,0.0213,123621,Chennai,5917305.06,"0      2695.943892
1      2759.229863
2      2823.820164
3      2890.014859
4      2957.760179
          ...     
66    17673.263681
67    18135.039495
68    18578.436759
69    19029.167404
70    19486.914021
Name: Population, Length: 71, dtype: float64"
1996,6060824,0.0213,126426,Chennai,6051470.65,"0      2695.943892
1      2759.229863
2      2823.820164
3      2890.014859
4      2957.760179
          ...     
66    17673.263681
67    18135.039495
68    18578.436759
69    19029.167404
70    19486.914021
Name: Population, Length: 71, dtype: float64"
1997,6189585,0.0212,128761,Chennai,6191254.66,"0      2695.943892
1      2759.229863
2      2823.820164
3      2890.014859
4      2957.760179
          ...     
66    17673.263681
67    18135.039495
68    18578.436759
69    19029.167404
70    19486.914021
Name: Population, Length: 71, dtype: float64"
1998,6321265,0.0213,131680,Chennai,6302710.05,"0      2695.943892
1      2759.229863
2      2823.820164
3      2890.014859
4      2957.760179
          ...     
66    17673.263681
67    18135.039495
68    18578.436759
69    19029.167404
70    19486.914021
Name: Population, Length: 71, dtype: float64"
1999,6455746,0.0213,134481,Chennai,6436657.41,"0      2695.943892
1      2759.229863
2      2823.820164
3      2890.014859
4      2957.760179
          ...     
66    17673.263681
67    18135.039495
68    18578.436759
69    19029.167404
70    19486.914021
Name: Population, Length: 71, dtype: float64"
2000,6593279,0.0213,137533,Chennai,6582627.11,"0      2695.943892
1      2759.229863
2      2823.820164
3      2890.014859
4      2957.760179
          ...     
66    17673.263681
67    18135.039495
68    18578.436759
69    19029.167404
70    19486.914021
Name: Population, Length: 71, dtype: float64"
2001,6744032,0.0229,150753,Chennai,6727085.56,"0      2695.943892
1      2759.229863
2      2823.820164
3      2890.014859
4      2957.760179
          ...     
66    17673.263681
67    18135.039495
68    18578.436759
69    19029.167404
70    19486.914021
Name: Population, Length: 71, dtype: float64"
2002,6920243,0.0261,176211,Chennai,6928677.56,"0      2695.943892
1      2759.229863
2      2823.820164
3      2890.014859
4      2957.760179
          ...     
66    17673.263681
67    18135.039495
68    18578.436759
69    19029.167404
70    19486.914021
Name: Population, Length: 71, dtype: float64"
2003,7101058,0.0261,180815,Chennai,7109628.09,"0      2695.943892
1      2759.229863
2      2823.820164
3      2890.014859
4      2957.760179
          ...     
66    17673.263681
67    18135.039495
68    18578.436759
69    19029.167404
70    19486.914021
Name: Population, Length: 71, dtype: float64"
2004,7286857,0.0262,185799,Chennai,7278520.52,"0      2695.943892
1      2759.229863
2      2823.820164
3      2890.014859
4      2957.760179
          ...     
66    17673.263681
67    18135.039495
68    18578.436759
69    19029.167404
70    19486.914021
Name: Population, Length: 71, dtype: float64"
2005,7476986,0.0261,190129,Chennai,7475670.01,"0      2695.943892
1      2759.229863
2      2823.820164
3      2890.014859
4      2957.760179
          ...     
66    17673.263681
67    18135.039495
68    18578.436759
69    19029.167404
70    19486.914021
Name: Population, Length: 71, dtype: float64"
2006,7672348,0.0261,195362,Chennai,7681355.45,"0      2695.943892
1      2759.229863
2      2823.820164
3      2890.014859
4      2957.760179
          ...     
66    17673.263681
67    18135.039495
68    18578.436759
69    19029.167404
70    19486.914021
Name: Population, Length: 71, dtype: float64"
2007,7872815,0.0261,200467,Chennai,7881988.52,"0      2695.943892
1      2759.229863
2      2823.820164
3      2890.014859
4      2957.760179
          ...     
66    17673.263681
67    18135.039495
68    18578.436759
69    19029.167404
70    19486.914021
Name: Population, Length: 71, dtype: float64"
2008,8078807,0.0262,205992,Chennai,8069202.48,"0      2695.943892
1      2759.229863
2      2823.820164
3      2890.014859
4      2957.760179
          ...     
66    17673.263681
67    18135.039495
68    18578.436759
69    19029.167404
70    19486.914021
Name: Population, Length: 71, dtype: float64"
2009,8289599,0.0261,210792,Chennai,8287746.24,"0      2695.943892
1      2759.229863
2      2823.820164
3      2890.014859
4      2957.760179
          ...     
66    17673.263681
67    18135.039495
68    18578.436759
69    19029.167404
70    19486.914021
Name: Population, Length: 71, dtype: float64"
2010,8506193,0.0261,216594,Chennai,8515787.14,"0      2695.943892
1      2759.229863
2      2823.820164
3      2890.014859
4      2957.760179
          ...     
66    17673.263681
67    18135.039495
68    18578.436759
69    19029.167404
70    19486.914021
Name: Population, Length: 71, dtype: float64"
2011,8728447,0.0261,222254,Chennai,8738223.37,"0      2695.943892
1      2759.229863
2      2823.820164
3      2890.014859
4      2957.760179
          ...     
66    17673.263681
67    18135.039495
68    18578.436759
69    19029.167404
70    19486.914021
Name: Population, Length: 71, dtype: float64"
2012,8956508,0.0261,228061,Chennai,8966434.28,"0      2695.943892
1      2759.229863
2      2823.820164
3      2890.014859
4      2957.760179
          ...     
66    17673.263681
67    18135.039495
68    18578.436759
69    19029.167404
70    19486.914021
Name: Population, Length: 71, dtype: float64"
2013,9190528,0.0261,234020,Chennai,9200616.33,"0      2695.943892
1      2759.229863
2      2823.820164
3      2890.014859
4      2957.760179
          ...     
66    17673.263681
67    18135.039495
68    18578.436759
69    19029.167404
70    19486.914021
Name: Population, Length: 71, dtype: float64"
2014,9430663,0.0261,240135,Chennai,9440926.61,"0      2695.943892
1      2759.229863
2      2823.820164
3      2890.014859
4      2957.760179
          ...     
66    17673.263681
67    18135.039495
68    18578.436759
69    19029.167404
70    19486.914021
Name: Population, Length: 71, dtype: float64"
2015,9677072,0.0261,246409,Chennai,9687482.81,"0      2695.943892
1      2759.229863
2      2823.820164
3      2890.014859
4      2957.760179
          ...     
66    17673.263681
67    18135.039495
68    18578.436759
69    19029.167404
70    19486.914021
Name: Population, Length: 71, dtype: float64"
2016,9929919,0.0261,252847,Chennai,9940481.36,"0      2695.943892
1      2759.229863
2      2823.820164
3      2890.014859
4      2957.760179
          ...     
66    17673.263681
67    18135.039495
68    18578.436759
69    19029.167404
70    19486.914021
Name: Population, Length: 71, dtype: float64"
2017,10189373,0.0261,259454,Chennai,10200118.68,"0      2695.943892
1      2759.229863
2      2823.820164
3      2890.014859
4      2957.760179
          ...     
66    17673.263681
67    18135.039495
68    18578.436759
69    19029.167404
70    19486.914021
Name: Population, Length: 71, dtype: float64"
2018,10455606,0.0261,266233,Chennai,10466512.43,"0      2695.943892
1      2759.229863
2      2823.820164
3      2890.014859
4      2957.760179
          ...     
66    17673.263681
67    18135.039495
68    18578.436759
69    19029.167404
70    19486.914021
Name: Population, Length: 71, dtype: float64"
2019,10711243,0.0244,255637,Chennai,10726281.38,"0      2695.943892
1      2759.229863
2      2823.820164
3      2890.014859
4      2957.760179
          ...     
66    17673.263681
67    18135.039495
68    18578.436759
69    19029.167404
70    19486.914021
Name: Population, Length: 71, dtype: float64"
2020,10971108,0.0243,259865,Chennai,10946871.94,"0      2695.943892
1      2759.229863
2      2823.820164
3      2890.014859
4      2957.760179
          ...     
66    17673.263681
67    18135.039495
68    18578.436759
69    19029.167404
70    19486.914021
Name: Population, Length: 71, dtype: float64"
2021,11235018,0.0241,263910,Chennai,11206327.43,"0      2695.943892
1      2759.229863
2      2823.820164
3      2890.014859
4      2957.760179
          ...     
66    17673.263681
67    18135.039495
68    18578.436759
69    19029.167404
70    19486.914021
Name: Population, Length: 71, dtype: float64"
